<html><body><h1/>
	<br/>
		<br/><table><col width="30px"/><tbody><tr><td style="color:#G9G9G9;font-size:9pt">1</td><td style="font-size:12pt;font-weight:bold">
			Arthur William Edgar 
			O'Shaughnessy
		</td></tr></tbody></table>
		<table><col width="30px"/><tbody><tr><td style="color:#G9G9G9;font-size:9pt">2</td><td style="font-size:18pt;font-weight:bold">Ode</td></tr></tbody></table>
		<p> 
			<table><col width="30px"/><tbody><tr><td style="color:#G9G9G9;font-size:9pt">3</td><td style="font-size:10pt;">We are the music makers,</td></tr></tbody></table>
			<table><col width="30px"/><tbody><tr><td style="color:#G9G9G9;font-size:9pt">4</td><td style="font-size:10pt;">And we are the dreamer of dreams,</td></tr></tbody></table>
			<table><col width="30px"/><tbody><tr><td style="color:#G9G9G9;font-size:9pt">5</td><td style="font-size:10pt;">Wandering by lone sea-breakers,</td></tr></tbody></table>
			<table><col width="30px"/><tbody><tr><td style="color:#G9G9G9;font-size:9pt">6</td><td style="font-size:10pt;">And sitting by desolate streams;</td></tr></tbody></table>
			<table><col width="30px"/><tbody><tr><td style="color:#G9G9G9;font-size:9pt">7</td><td style="font-size:10pt;">World-losers and world-forsakers,</td></tr></tbody></table>
			<table><col width="30px"/><tbody><tr><td style="color:#G9G9G9;font-size:9pt">8</td><td style="font-size:10pt;">On whom the pale moon gleams:</td></tr></tbody></table>
			<table><col width="30px"/><tbody><tr><td style="color:#G9G9G9;font-size:9pt">9</td><td style="font-size:10pt;">Yet we are the movers and shakers</td></tr></tbody></table>
			<table><col width="30px"/><tbody><tr><td style="color:#G9G9G9;font-size:9pt">10</td><td style="font-size:10pt;">Of the world for ever, it seems.</td></tr></tbody></table>
		</p>
		<p>
			<table><col width="30px"/><tbody><tr><td style="color:#G9G9G9;font-size:9pt">11</td><td style="font-size:10pt;">With wonderful deathless ditties,</td></tr></tbody></table>
			<table><col width="30px"/><tbody><tr><td style="color:#G9G9G9;font-size:9pt">12</td><td style="font-size:10pt;">We build up the world's great cities,</td></tr></tbody></table>
			<table><col width="30px"/><tbody><tr><td style="color:#G9G9G9;font-size:9pt">13</td><td style="font-size:10pt;">And out of a fabulous story</td></tr></tbody></table>
			<table><col width="30px"/><tbody><tr><td style="color:#G9G9G9;font-size:9pt">14</td><td style="font-size:10pt;">We fashion an empire's glory:</td></tr></tbody></table>
			<table><col width="30px"/><tbody><tr><td style="color:#G9G9G9;font-size:9pt">15</td><td style="font-size:10pt;">One man with a dream, at pleasure,</td></tr></tbody></table>
			<table><col width="30px"/><tbody><tr><td style="color:#G9G9G9;font-size:9pt">16</td><td style="font-size:10pt;">Shall go forth and conquer a crown;</td></tr></tbody></table>
			<table><col width="30px"/><tbody><tr><td style="color:#G9G9G9;font-size:9pt">17</td><td style="font-size:10pt;">And three with a new song's measure</td></tr></tbody></table>
			<table><col width="30px"/><tbody><tr><td style="color:#G9G9G9;font-size:9pt">18</td><td style="font-size:10pt;">Can trample an empire down.</td></tr></tbody></table>
		</p>
		<p>
			<table><col width="30px"/><tbody><tr><td style="color:#G9G9G9;font-size:9pt">19</td><td style="font-size:10pt;">We, in the ages lying</td></tr></tbody></table>
			<table><col width="30px"/><tbody><tr><td style="color:#G9G9G9;font-size:9pt">20</td><td style="font-size:10pt;">In the buried past of earth,</td></tr></tbody></table>
			<table><col width="30px"/><tbody><tr><td style="color:#G9G9G9;font-size:9pt">21</td><td style="font-size:10pt;">Built Nineveh with our sighing,</td></tr></tbody></table>
			<table><col width="30px"/><tbody><tr><td style="color:#G9G9G9;font-size:9pt">22</td><td style="font-size:10pt;">And Babel itself with our mirth;</td></tr></tbody></table>
			<table><col width="30px"/><tbody><tr><td style="color:#G9G9G9;font-size:9pt">23</td><td style="font-size:10pt;">And o'erthrew them with prophesying</td></tr></tbody></table>
			<table><col width="30px"/><tbody><tr><td style="color:#G9G9G9;font-size:9pt">24</td><td style="font-size:10pt;">To the old of the new world's worth;</td></tr></tbody></table>
			<table><col width="30px"/><tbody><tr><td style="color:#G9G9G9;font-size:9pt">25</td><td style="font-size:10pt;">For each age is a dream that is dying,</td></tr></tbody></table>
			<table><col width="30px"/><tbody><tr><td style="color:#G9G9G9;font-size:9pt">26</td><td style="font-size:10pt;">Or one that is coming to birth.</td></tr></tbody></table>
		</p>
		<p>
			<table><col width="30px"/><tbody><tr><td style="color:#G9G9G9;font-size:9pt">27</td><td style="font-size:10pt;">A breath of our inspiration,</td></tr></tbody></table>
			<table><col width="30px"/><tbody><tr><td style="color:#G9G9G9;font-size:9pt">28</td><td style="font-size:10pt;">Is the life of each generation.</td></tr></tbody></table>
			<table><col width="30px"/><tbody><tr><td style="color:#G9G9G9;font-size:9pt">29</td><td style="font-size:10pt;">A wondrous thing of our dreaming,</td></tr></tbody></table>
			<table><col width="30px"/><tbody><tr><td style="color:#G9G9G9;font-size:9pt">30</td><td style="font-size:10pt;">Unearthly, impossible seeming-</td></tr></tbody></table>
			<table><col width="30px"/><tbody><tr><td style="color:#G9G9G9;font-size:9pt">31</td><td style="font-size:10pt;">The soldier, the king, and the peasant</td></tr></tbody></table>
			<table><col width="30px"/><tbody><tr><td style="color:#G9G9G9;font-size:9pt">32</td><td style="font-size:10pt;">Are working together in one,</td></tr></tbody></table>
			<table><col width="30px"/><tbody><tr><td style="color:#G9G9G9;font-size:9pt">33</td><td style="font-size:10pt;">Till our dream shall become their present,</td></tr></tbody></table>
			<table><col width="30px"/><tbody><tr><td style="color:#G9G9G9;font-size:9pt">34</td><td style="font-size:10pt;">And their work in the world be done.</td></tr></tbody></table>
		</p>
		<p>
			<table><col width="30px"/><tbody><tr><td style="color:#G9G9G9;font-size:9pt">35</td><td style="font-size:10pt;">They had no vision amazing</td></tr></tbody></table>
			<table><col width="30px"/><tbody><tr><td style="color:#G9G9G9;font-size:9pt">36</td><td style="font-size:10pt;">Of the goodly house they are raising.</td></tr></tbody></table>
			<table><col width="30px"/><tbody><tr><td style="color:#G9G9G9;font-size:9pt">37</td><td style="font-size:10pt;">They had no divine foreshowing</td></tr></tbody></table>
			<table><col width="30px"/><tbody><tr><td style="color:#G9G9G9;font-size:9pt">38</td><td style="font-size:10pt;">Of the land to which they are going:</td></tr></tbody></table>
			<table><col width="30px"/><tbody><tr><td style="color:#G9G9G9;font-size:9pt">39</td><td style="font-size:10pt;">But on one man's soul it hath broke,</td></tr></tbody></table>
			<table><col width="30px"/><tbody><tr><td style="color:#G9G9G9;font-size:9pt">40</td><td style="font-size:10pt;">A light that doth not depart</td></tr></tbody></table>
			<table><col width="30px"/><tbody><tr><td style="color:#G9G9G9;font-size:9pt">41</td><td style="font-size:10pt;">And his look, or a word he hath spoken,</td></tr></tbody></table>
			<table><col width="30px"/><tbody><tr><td style="color:#G9G9G9;font-size:9pt">42</td><td style="font-size:10pt;">Wrought flame in another man's heart.</td></tr></tbody></table>
		</p>
		<p>
			<table><col width="30px"/><tbody><tr><td style="color:#G9G9G9;font-size:9pt">43</td><td style="font-size:10pt;">And therefore today is thrilling,</td></tr></tbody></table>
			<table><col width="30px"/><tbody><tr><td style="color:#G9G9G9;font-size:9pt">44</td><td style="font-size:10pt;">With a past day's late fulfilling.</td></tr></tbody></table>
			<table><col width="30px"/><tbody><tr><td style="color:#G9G9G9;font-size:9pt">45</td><td style="font-size:10pt;">And the multitudes are enlisted</td></tr></tbody></table>
			<table><col width="30px"/><tbody><tr><td style="color:#G9G9G9;font-size:9pt">46</td><td style="font-size:10pt;">In the faith that their fathers resisted,</td></tr></tbody></table>
			<table><col width="30px"/><tbody><tr><td style="color:#G9G9G9;font-size:9pt">47</td><td style="font-size:10pt;">And, scorning the dream of tomorrow,</td></tr></tbody></table>
			<table><col width="30px"/><tbody><tr><td style="color:#G9G9G9;font-size:9pt">48</td><td style="font-size:10pt;">Are bringing to pass, as they may,</td></tr></tbody></table>
			<table><col width="30px"/><tbody><tr><td style="color:#G9G9G9;font-size:9pt">49</td><td style="font-size:10pt;">In the world, for it's joy or it's sorrow,</td></tr></tbody></table>
			<table><col width="30px"/><tbody><tr><td style="color:#G9G9G9;font-size:9pt">50</td><td style="font-size:10pt;">The dream that was scorned yesterday.</td></tr></tbody></table>
		</p>
		<p>
			<table><col width="30px"/><tbody><tr><td style="color:#G9G9G9;font-size:9pt">51</td><td style="font-size:10pt;">But we, with our dreaming and singing,</td></tr></tbody></table>
			<table><col width="30px"/><tbody><tr><td style="color:#G9G9G9;font-size:9pt">52</td><td style="font-size:10pt;">Ceaseless and sorrowless we!</td></tr></tbody></table>
			<table><col width="30px"/><tbody><tr><td style="color:#G9G9G9;font-size:9pt">53</td><td style="font-size:10pt;">The glory about us clinging</td></tr></tbody></table>
			<table><col width="30px"/><tbody><tr><td style="color:#G9G9G9;font-size:9pt">54</td><td style="font-size:10pt;">Of the glorious futures we see,</td></tr></tbody></table>
			<table><col width="30px"/><tbody><tr><td style="color:#G9G9G9;font-size:9pt">55</td><td style="font-size:10pt;">Our souls with high music ringing;</td></tr></tbody></table>
			<table><col width="30px"/><tbody><tr><td style="color:#G9G9G9;font-size:9pt">56</td><td style="font-size:10pt;">O men! It must ever be</td></tr></tbody></table>
			<table><col width="30px"/><tbody><tr><td style="color:#G9G9G9;font-size:9pt">57</td><td style="font-size:10pt;">That we dwell, in our dreaming and singing,</td></tr></tbody></table>
			<table><col width="30px"/><tbody><tr><td style="color:#G9G9G9;font-size:9pt">58</td><td style="font-size:10pt;">A little apart from ye.</td></tr></tbody></table>
		</p>
		<p>
			<table><col width="30px"/><tbody><tr><td style="color:#G9G9G9;font-size:9pt">59</td><td style="font-size:10pt;">For we are afar with the dawning</td></tr></tbody></table>
			<table><col width="30px"/><tbody><tr><td style="color:#G9G9G9;font-size:9pt">60</td><td style="font-size:10pt;">And the suns that are not yet high,</td></tr></tbody></table>
			<table><col width="30px"/><tbody><tr><td style="color:#G9G9G9;font-size:9pt">61</td><td style="font-size:10pt;">And out of the infinite morning</td></tr></tbody></table>
			<table><col width="30px"/><tbody><tr><td style="color:#G9G9G9;font-size:9pt">62</td><td style="font-size:10pt;">Intrepid you hear us cry-</td></tr></tbody></table>
			<table><col width="30px"/><tbody><tr><td style="color:#G9G9G9;font-size:9pt">63</td><td style="font-size:10pt;">How, spite of your human scorning,</td></tr></tbody></table>
			<table><col width="30px"/><tbody><tr><td style="color:#G9G9G9;font-size:9pt">64</td><td style="font-size:10pt;">Once more God's future draws nigh,</td></tr></tbody></table>
			<table><col width="30px"/><tbody><tr><td style="color:#G9G9G9;font-size:9pt">65</td><td style="font-size:10pt;">And already goes forth the warning</td></tr></tbody></table>
			<table><col width="30px"/><tbody><tr><td style="color:#G9G9G9;font-size:9pt">66</td><td style="font-size:10pt;">That ye of the past must die.</td></tr></tbody></table>
		</p>
		<p>
			<table><col width="30px"/><tbody><tr><td style="color:#G9G9G9;font-size:9pt">67</td><td style="font-size:10pt;">Great hail! we cry to the corners</td></tr></tbody></table>
			<table><col width="30px"/><tbody><tr><td style="color:#G9G9G9;font-size:9pt">68</td><td style="font-size:10pt;">From the dazzling unknown shore;</td></tr></tbody></table>
			<table><col width="30px"/><tbody><tr><td style="color:#G9G9G9;font-size:9pt">69</td><td style="font-size:10pt;">Bring us hither your sun and your summers,</td></tr></tbody></table>
			<table><col width="30px"/><tbody><tr><td style="color:#G9G9G9;font-size:9pt">70</td><td style="font-size:10pt;">And renew our world as of yore;</td></tr></tbody></table>
			<table><col width="30px"/><tbody><tr><td style="color:#G9G9G9;font-size:9pt">71</td><td style="font-size:10pt;">You shall teach us your song's new numbers,</td></tr></tbody></table>
			<table><col width="30px"/><tbody><tr><td style="color:#G9G9G9;font-size:9pt">72</td><td style="font-size:10pt;">And things that we dreamt not before;</td></tr></tbody></table>
			<table><col width="30px"/><tbody><tr><td style="color:#G9G9G9;font-size:9pt">73</td><td style="font-size:10pt;">Yea, in spite of a dreamer who slumbers,</td></tr></tbody></table>
			<table><col width="30px"/><tbody><tr><td style="color:#G9G9G9;font-size:9pt">74</td><td style="font-size:10pt;">And a singer who sings no more.</td></tr></tbody></table>
		</p>
	
	<br/>
		<br/><table><col width="30px"/><tbody><tr><td style="color:#G9G9G9;font-size:9pt">75</td><td style="font-size:12pt;font-weight:bold">
			Rainer Maria 
			Rilke
		</td></tr></tbody></table>
		<table><col width="30px"/><tbody><tr><td style="color:#G9G9G9;font-size:9pt">76</td><td style="font-size:18pt;font-weight:bold">Der Panther</td></tr></tbody></table>
		<table><col width="30px"/><tbody><tr><td style="color:#G9G9G9;font-size:9pt">77</td><td style="font-size:14pt;font-weight:bold">Im Jardin des Plantes, Paris </td></tr></tbody></table>
		<p>
			<table><col width="30px"/><tbody><tr><td style="color:#G9G9G9;font-size:9pt">78</td><td style="font-size:10pt;">Sein Blick ist vom Vorübergehn der Stäbe</td></tr></tbody></table>
			<table><col width="30px"/><tbody><tr><td style="color:#G9G9G9;font-size:9pt">79</td><td style="font-size:10pt;">so müd geworden, daß er nichts mehr hält.</td></tr></tbody></table>
			<table><col width="30px"/><tbody><tr><td style="color:#G9G9G9;font-size:9pt">80</td><td style="font-size:10pt;">Ihm ist, als ob es tausend Stäbe gäbe</td></tr></tbody></table>
			<table><col width="30px"/><tbody><tr><td style="color:#G9G9G9;font-size:9pt">81</td><td style="font-size:10pt;"> und hinter tausend Stäben keine Welt. </td></tr></tbody></table>
		</p>
		<p>
			<table><col width="30px"/><tbody><tr><td style="color:#G9G9G9;font-size:9pt">82</td><td style="font-size:10pt;">Der weiche Gang geschmeidig starker Schritte, </td></tr></tbody></table>
			<table><col width="30px"/><tbody><tr><td style="color:#G9G9G9;font-size:9pt">83</td><td style="font-size:10pt;"> der sich im allerkleinsten Kreise dreht, </td></tr></tbody></table>
			<table><col width="30px"/><tbody><tr><td style="color:#G9G9G9;font-size:9pt">84</td><td style="font-size:10pt;"> ist wie ein Tanz von Kraft um eine Mitte, </td></tr></tbody></table>
			<table><col width="30px"/><tbody><tr><td style="color:#G9G9G9;font-size:9pt">85</td><td style="font-size:10pt;">in der betäubt ein großer Wille steht. </td></tr></tbody></table>
		</p>
		<p>
			<table><col width="30px"/><tbody><tr><td style="color:#G9G9G9;font-size:9pt">86</td><td style="font-size:10pt;"> Nur manchmal schiebt der Vorhang der Pupille
			</td></tr></tbody></table>
			<table><col width="30px"/><tbody><tr><td style="color:#G9G9G9;font-size:9pt">87</td><td style="font-size:10pt;">sich lautlos auf -. Dann geht ein Bild hinein, </td></tr></tbody></table>
			<table><col width="30px"/><tbody><tr><td style="color:#G9G9G9;font-size:9pt">88</td><td style="font-size:10pt;"> geht durch der Glieder angespannte Stille - </td></tr></tbody></table>
			<table><col width="30px"/><tbody><tr><td style="color:#G9G9G9;font-size:9pt">89</td><td style="font-size:10pt;">und hört im Herzen auf zu sein. </td></tr></tbody></table>
		</p>
	

</body></html>