<?xml version="1.0" encoding="UTF-8" standalone="yes"?>
<?mso-application progid="Word.Document"?>
<w:wordDocument xmlns:aml="http://schemas.microsoft.com/aml/2001/core" xmlns:wpc="http://schemas.microsoft.com/office/word/2010/wordprocessingCanvas" xmlns:dt="uuid:C2F41010-65B3-11d1-A29F-00AA00C14882" xmlns:mc="http://schemas.openxmlformats.org/markup-compatibility/2006" xmlns:o="urn:schemas-microsoft-com:office:office" xmlns:v="urn:schemas-microsoft-com:vml" xmlns:w10="urn:schemas-microsoft-com:office:word" xmlns:w="http://schemas.microsoft.com/office/word/2003/wordml" xmlns:wx="http://schemas.microsoft.com/office/word/2003/auxHint" xmlns:wne="http://schemas.microsoft.com/office/word/2006/wordml" xmlns:wsp="http://schemas.microsoft.com/office/word/2003/wordml/sp2" xmlns:sl="http://schemas.microsoft.com/schemaLibrary/2003/core" w:macrosPresent="no" w:embeddedObjPresent="no" w:ocxPresent="no" xml:space="preserve"><w:ignoreSubtree w:val="http://schemas.microsoft.com/office/word/2003/wordml/sp2"/><o:DocumentProperties><o:Author>MMP-D2T</o:Author><o:LastAuthor>MMP-D2T</o:LastAuthor><o:Revision>2</o:Revision><o:TotalTime>0</o:TotalTime><o:Created>2011-08-03T12:07:00Z</o:Created><o:LastSaved>2011-08-03T12:07:00Z</o:LastSaved><o:Pages>4</o:Pages><o:Words>416</o:Words><o:Characters>2628</o:Characters><o:Company>Microsoft</o:Company><o:Lines>21</o:Lines><o:Paragraphs>6</o:Paragraphs><o:CharactersWithSpaces>3038</o:CharactersWithSpaces><o:Version>14</o:Version></o:DocumentProperties><w:fonts><w:defaultFonts w:ascii="Calibri" w:fareast="Calibri" w:h-ansi="Calibri" w:cs="Times New Roman"/><w:font w:name="Times New Roman"><w:panose-1 w:val="02020603050405020304"/><w:charset w:val="00"/><w:family w:val="Roman"/><w:pitch w:val="variable"/><w:sig w:usb-0="E0002AFF" w:usb-1="C0007841" w:usb-2="00000009" w:usb-3="00000000" w:csb-0="000001FF" w:csb-1="00000000"/></w:font><w:font w:name="Cambria Math"><w:panose-1 w:val="02040503050406030204"/><w:charset w:val="01"/><w:family w:val="Roman"/><w:notTrueType/><w:pitch w:val="variable"/></w:font><w:font w:name="Calibri"><w:panose-1 w:val="020F0502020204030204"/><w:charset w:val="00"/><w:family w:val="Swiss"/><w:pitch w:val="variable"/><w:sig w:usb-0="E10002FF" w:usb-1="4000ACFF" w:usb-2="00000009" w:usb-3="00000000" w:csb-0="0000019F" w:csb-1="00000000"/></w:font><w:font w:name="Tahoma"><w:panose-1 w:val="020B0604030504040204"/><w:charset w:val="00"/><w:family w:val="Swiss"/><w:notTrueType/><w:pitch w:val="variable"/><w:sig w:usb-0="00000003" w:usb-1="00000000" w:usb-2="00000000" w:usb-3="00000000" w:csb-0="00000001" w:csb-1="00000000"/></w:font><w:font w:name="Verdana"><w:panose-1 w:val="020B0604030504040204"/><w:charset w:val="00"/><w:family w:val="Swiss"/><w:pitch w:val="variable"/><w:sig w:usb-0="A10006FF" w:usb-1="4000205B" w:usb-2="00000010" w:usb-3="00000000" w:csb-0="0000019F" w:csb-1="00000000"/></w:font></w:fonts><w:styles><w:versionOfBuiltInStylenames w:val="7"/><w:latentStyles w:defLockedState="off" w:latentStyleCount="267"><w:lsdException w:name="Normal"/><w:lsdException w:name="heading 1"/><w:lsdException w:name="heading 2"/><w:lsdException w:name="heading 3"/><w:lsdException w:name="heading 4"/><w:lsdException w:name="heading 5"/><w:lsdException w:name="heading 6"/><w:lsdException w:name="heading 7"/><w:lsdException w:name="heading 8"/><w:lsdException w:name="heading 9"/><w:lsdException w:name="caption"/><w:lsdException w:name="Title"/><w:lsdException w:name="Subtitle"/><w:lsdException w:name="Strong"/><w:lsdException w:name="Emphasis"/><w:lsdException w:name="No Spacing"/><w:lsdException w:name="List Paragraph"/><w:lsdException w:name="Quote"/><w:lsdException w:name="Intense Quote"/><w:lsdException w:name="Subtle Emphasis"/><w:lsdException w:name="Intense Emphasis"/><w:lsdException w:name="Subtle Reference"/><w:lsdException w:name="Intense Reference"/><w:lsdException w:name="Book Title"/><w:lsdException w:name="TOC Heading"/></w:latentStyles><w:style w:type="paragraph" w:default="on" w:styleId="Standard"><w:name w:val="Normal"/><w:aliases w:val="line"/><wx:uiName wx:val="Standard"/><w:rsid w:val="007E560B"/><w:pPr><w:spacing w:after="280" w:line="360" w:line-rule="auto"/></w:pPr><w:rPr><w:rFonts w:ascii="Verdana" w:h-ansi="Verdana"/><wx:font wx:val="Verdana"/><w:sz w:val="18"/><w:sz-cs w:val="22"/><w:lang w:val="DE" w:fareast="EN-US" w:bidi="AR-SA"/></w:rPr></w:style><w:style w:type="paragraph" w:styleId="berschrift1"><w:name w:val="heading 1"/><w:aliases w:val="title"/><wx:uiName wx:val="Überschrift 1"/><w:basedOn w:val="Standard"/><w:next w:val="Standard"/><w:link w:val="berschrift1Zchn"/><w:rsid w:val="00CA1309"/><w:pPr><w:keepNext/><w:keepLines/><w:spacing w:before="480" w:after="240"/><w:outlineLvl w:val="0"/></w:pPr><w:rPr><w:rFonts w:fareast="Times New Roman"/><wx:font wx:val="Verdana"/><w:b/><w:b-cs/><w:color w:val="31849B"/><w:sz w:val="44"/><w:sz-cs w:val="28"/></w:rPr></w:style><w:style w:type="paragraph" w:styleId="berschrift2"><w:name w:val="heading 2"/><w:aliases w:val="subtitle"/><wx:uiName wx:val="Überschrift 2"/><w:basedOn w:val="Standard"/><w:next w:val="Standard"/><w:link w:val="berschrift2Zchn"/><w:rsid w:val="007E560B"/><w:pPr><w:keepNext/><w:keepLines/><w:spacing w:before="200" w:after="120"/><w:outlineLvl w:val="1"/></w:pPr><w:rPr><w:rFonts w:fareast="Times New Roman"/><wx:font wx:val="Verdana"/><w:b/><w:b-cs/><w:color w:val="4F81BD"/><w:sz w:val="26"/><w:sz-cs w:val="26"/></w:rPr></w:style><w:style w:type="character" w:default="on" w:styleId="Absatz-Standardschriftart"><w:name w:val="Default Paragraph Font"/><wx:uiName wx:val="Absatz-Standardschriftart"/></w:style><w:style w:type="table" w:default="on" w:styleId="NormaleTabelle"><w:name w:val="Normal Table"/><wx:uiName wx:val="Normale Tabelle"/><w:rPr><wx:font wx:val="Calibri"/><w:lang w:val="DE" w:fareast="DE" w:bidi="AR-SA"/></w:rPr><w:tblPr><w:tblInd w:w="0" w:type="dxa"/><w:tblCellMar><w:top w:w="0" w:type="dxa"/><w:left w:w="108" w:type="dxa"/><w:bottom w:w="0" w:type="dxa"/><w:right w:w="108" w:type="dxa"/></w:tblCellMar></w:tblPr></w:style><w:style w:type="list" w:default="on" w:styleId="KeineListe"><w:name w:val="No List"/><wx:uiName wx:val="Keine Liste"/></w:style><w:style w:type="character" w:styleId="berschrift1Zchn"><w:name w:val="Überschrift 1 Zchn"/><w:aliases w:val="title Zchn"/><w:link w:val="berschrift1"/><w:rsid w:val="00CA1309"/><w:rPr><w:rFonts w:ascii="Verdana" w:fareast="Times New Roman" w:h-ansi="Verdana" w:cs="Times New Roman"/><w:b/><w:b-cs/><w:color w:val="31849B"/><w:sz w:val="44"/><w:sz-cs w:val="28"/></w:rPr></w:style><w:style w:type="character" w:styleId="berschrift2Zchn"><w:name w:val="Überschrift 2 Zchn"/><w:aliases w:val="subtitle Zchn"/><w:link w:val="berschrift2"/><w:rsid w:val="007E560B"/><w:rPr><w:rFonts w:ascii="Verdana" w:fareast="Times New Roman" w:h-ansi="Verdana" w:cs="Times New Roman"/><w:b/><w:b-cs/><w:color w:val="4F81BD"/><w:sz w:val="26"/><w:sz-cs w:val="26"/></w:rPr></w:style><w:style w:type="paragraph" w:styleId="Kopfzeile"><w:name w:val="header"/><wx:uiName wx:val="Kopfzeile"/><w:basedOn w:val="Standard"/><w:link w:val="KopfzeileZchn"/><w:rsid w:val="00CA1309"/><w:pPr><w:tabs><w:tab w:val="center" w:pos="4536"/><w:tab w:val="right" w:pos="9072"/></w:tabs><w:spacing w:after="0" w:line="240" w:line-rule="auto"/></w:pPr><w:rPr><wx:font wx:val="Verdana"/></w:rPr></w:style><w:style w:type="character" w:styleId="KopfzeileZchn"><w:name w:val="Kopfzeile Zchn"/><w:link w:val="Kopfzeile"/><w:rsid w:val="00CA1309"/><w:rPr><w:rFonts w:ascii="Verdana" w:h-ansi="Verdana"/><w:sz w:val="18"/></w:rPr></w:style><w:style w:type="paragraph" w:styleId="Fuzeile"><w:name w:val="footer"/><wx:uiName wx:val="Fußzeile"/><w:basedOn w:val="Standard"/><w:link w:val="FuzeileZchn"/><w:rsid w:val="00CA1309"/><w:pPr><w:tabs><w:tab w:val="center" w:pos="4536"/><w:tab w:val="right" w:pos="9072"/></w:tabs><w:spacing w:after="0" w:line="240" w:line-rule="auto"/></w:pPr><w:rPr><wx:font wx:val="Verdana"/></w:rPr></w:style><w:style w:type="character" w:styleId="FuzeileZchn"><w:name w:val="Fußzeile Zchn"/><w:link w:val="Fuzeile"/><w:rsid w:val="00CA1309"/><w:rPr><w:rFonts w:ascii="Verdana" w:h-ansi="Verdana"/><w:sz w:val="18"/></w:rPr></w:style><w:style w:type="paragraph" w:styleId="Sprechblasentext"><w:name w:val="Balloon Text"/><wx:uiName wx:val="Sprechblasentext"/><w:basedOn w:val="Standard"/><w:link w:val="SprechblasentextZchn"/><w:rsid w:val="00CA1309"/><w:pPr><w:spacing w:after="0" w:line="240" w:line-rule="auto"/></w:pPr><w:rPr><w:rFonts w:ascii="Tahoma" w:h-ansi="Tahoma" w:cs="Tahoma"/><wx:font wx:val="Tahoma"/><w:sz w:val="16"/><w:sz-cs w:val="16"/></w:rPr></w:style><w:style w:type="character" w:styleId="SprechblasentextZchn"><w:name w:val="Sprechblasentext Zchn"/><w:link w:val="Sprechblasentext"/><w:rsid w:val="00CA1309"/><w:rPr><w:rFonts w:ascii="Tahoma" w:h-ansi="Tahoma" w:cs="Tahoma"/><w:sz w:val="16"/><w:sz-cs w:val="16"/></w:rPr></w:style></w:styles><w:shapeDefaults><o:shapedefaults v:ext="edit" spidmax="2050"/><o:shapelayout v:ext="edit"><o:idmap v:ext="edit" data="1"/></o:shapelayout></w:shapeDefaults><w:docPr><w:view w:val="print"/><w:zoom w:percent="100"/><w:doNotEmbedSystemFonts/><w:proofState w:spelling="clean" w:grammar="clean"/><w:defaultTabStop w:val="708"/><w:hyphenationZone w:val="425"/><w:punctuationKerning/><w:characterSpacingControl w:val="DontCompress"/><w:optimizeForBrowser/><w:allowPNG/><w:validateAgainstSchema/><w:saveInvalidXML w:val="off"/><w:ignoreMixedContent w:val="off"/><w:alwaysShowPlaceholderText w:val="off"/><w:hdrShapeDefaults><o:shapedefaults v:ext="edit" spidmax="2050"/><o:shapelayout v:ext="edit"><o:idmap v:ext="edit" data="2"/></o:shapelayout></w:hdrShapeDefaults><w:footnotePr><w:footnote w:type="separator"><w:p wsp:rsidR="00983BF4" wsp:rsidRDefault="00983BF4" wsp:rsidP="00CA1309"><w:pPr><w:spacing w:after="0" w:line="240" w:line-rule="auto"/></w:pPr><w:r><w:separator/></w:r></w:p></w:footnote><w:footnote w:type="continuation-separator"><w:p wsp:rsidR="00983BF4" wsp:rsidRDefault="00983BF4" wsp:rsidP="00CA1309"><w:pPr><w:spacing w:after="0" w:line="240" w:line-rule="auto"/></w:pPr><w:r><w:continuationSeparator/></w:r></w:p></w:footnote></w:footnotePr><w:endnotePr><w:endnote w:type="separator"><w:p wsp:rsidR="00983BF4" wsp:rsidRDefault="00983BF4" wsp:rsidP="00CA1309"><w:pPr><w:spacing w:after="0" w:line="240" w:line-rule="auto"/></w:pPr><w:r><w:separator/></w:r></w:p></w:endnote><w:endnote w:type="continuation-separator"><w:p wsp:rsidR="00983BF4" wsp:rsidRDefault="00983BF4" wsp:rsidP="00CA1309"><w:pPr><w:spacing w:after="0" w:line="240" w:line-rule="auto"/></w:pPr><w:r><w:continuationSeparator/></w:r></w:p></w:endnote></w:endnotePr><w:compat><w:breakWrappedTables/><w:snapToGridInCell/><w:wrapTextWithPunct/><w:useAsianBreakRules/><w:dontGrowAutofit/></w:compat><wsp:rsids><wsp:rsidRoot wsp:val="007E560B"/><wsp:rsid wsp:val="00767946"/><wsp:rsid wsp:val="007E560B"/><wsp:rsid wsp:val="008701E7"/><wsp:rsid wsp:val="00983BF4"/><wsp:rsid wsp:val="00995323"/><wsp:rsid wsp:val="00A972BD"/><wsp:rsid wsp:val="00C41734"/><wsp:rsid wsp:val="00CA1309"/><wsp:rsid wsp:val="00FE2D47"/></wsp:rsids></w:docPr><w:body><wx:sect><wx:sub-section><w:p wsp:rsidR="007E560B" wsp:rsidRDefault="007E560B" wsp:rsidP="007E560B"><w:pPr><w:pStyle w:val="berschrift1"/><w:rPr><w:lang w:val="EN-US"/></w:rPr></w:pPr><w:r wsp:rsidRPr="007E560B"><w:rPr><w:lang w:val="EN-US"/></w:rPr><w:t>Ode</w:t></w:r></w:p><w:p wsp:rsidR="007E560B" wsp:rsidRPr="007E560B" wsp:rsidRDefault="007E560B" wsp:rsidP="007E560B"><w:pPr><w:rPr><w:i/><w:lang w:val="EN-US"/></w:rPr></w:pPr><w:r wsp:rsidRPr="007E560B"><w:rPr><w:i/><w:lang w:val="EN-US"/></w:rPr><w:t>Arthur William Edgar O'Shaughnessy</w:t></w:r></w:p><w:p wsp:rsidR="007E560B" wsp:rsidRDefault="007E560B" wsp:rsidP="007E560B"><w:pPr><w:rPr><w:lang w:val="EN-US"/></w:rPr></w:pPr><w:r wsp:rsidRPr="007E560B"><w:rPr><w:lang w:val="EN-US"/></w:rPr><w:t>We are the music makers,</w:t></w:r><w:r><w:rPr><w:lang w:val="EN-US"/></w:rPr><w:br/></w:r><w:r wsp:rsidRPr="007E560B"><w:rPr><w:lang w:val="EN-US"/></w:rPr><w:t>And we are the dreamer of dreams,</w:t></w:r><w:r><w:rPr><w:lang w:val="EN-US"/></w:rPr><w:br/></w:r><w:r wsp:rsidRPr="007E560B"><w:rPr><w:lang w:val="EN-US"/></w:rPr><w:t>Wandering by lone sea-breakers,</w:t></w:r><w:r><w:rPr><w:lang w:val="EN-US"/></w:rPr><w:br/></w:r><w:r wsp:rsidRPr="007E560B"><w:rPr><w:lang w:val="EN-US"/></w:rPr><w:t>And sitting by desolate streams;</w:t></w:r><w:r><w:rPr><w:lang w:val="EN-US"/></w:rPr><w:br/></w:r><w:r wsp:rsidRPr="007E560B"><w:rPr><w:lang w:val="EN-US"/></w:rPr><w:t>World-losers and world-</w:t></w:r><w:proofErr w:type="spellStart"/><w:r wsp:rsidRPr="007E560B"><w:rPr><w:lang w:val="EN-US"/></w:rPr><w:t>forsakers</w:t></w:r><w:proofErr w:type="spellEnd"/><w:r wsp:rsidRPr="007E560B"><w:rPr><w:lang w:val="EN-US"/></w:rPr><w:t>,</w:t></w:r><w:r><w:rPr><w:lang w:val="EN-US"/></w:rPr><w:br/></w:r><w:r wsp:rsidRPr="007E560B"><w:rPr><w:lang w:val="EN-US"/></w:rPr><w:t>On whom the pale moon gleams:</w:t></w:r><w:r><w:rPr><w:lang w:val="EN-US"/></w:rPr><w:br/></w:r><w:r wsp:rsidRPr="007E560B"><w:rPr><w:lang w:val="EN-US"/></w:rPr><w:t>Yet we are the movers and shakers</w:t></w:r><w:r><w:rPr><w:lang w:val="EN-US"/></w:rPr><w:br/></w:r><w:r wsp:rsidRPr="007E560B"><w:rPr><w:lang w:val="EN-US"/></w:rPr><w:t>Of the world for ever, it seems.</w:t></w:r></w:p><w:p wsp:rsidR="007E560B" wsp:rsidRDefault="007E560B" wsp:rsidP="007E560B"><w:pPr><w:rPr><w:lang w:val="EN-US"/></w:rPr></w:pPr><w:r wsp:rsidRPr="007E560B"><w:rPr><w:lang w:val="EN-US"/></w:rPr><w:t>With wonderful deathless ditties,</w:t></w:r><w:r><w:rPr><w:lang w:val="EN-US"/></w:rPr><w:br/></w:r><w:r wsp:rsidRPr="007E560B"><w:rPr><w:lang w:val="EN-US"/></w:rPr><w:t>We build up the world's great cities,</w:t></w:r><w:r><w:rPr><w:lang w:val="EN-US"/></w:rPr><w:br/></w:r><w:r wsp:rsidRPr="007E560B"><w:rPr><w:lang w:val="EN-US"/></w:rPr><w:t>And out of a fabulous story</w:t></w:r><w:r><w:rPr><w:lang w:val="EN-US"/></w:rPr><w:br/></w:r><w:r wsp:rsidRPr="007E560B"><w:rPr><w:lang w:val="EN-US"/></w:rPr><w:t>We fashion an empire's glory:</w:t></w:r><w:r><w:rPr><w:lang w:val="EN-US"/></w:rPr><w:br/></w:r><w:r wsp:rsidRPr="007E560B"><w:rPr><w:lang w:val="EN-US"/></w:rPr><w:t>One man with a dream, at pleasure,</w:t></w:r><w:r><w:rPr><w:lang w:val="EN-US"/></w:rPr><w:br/></w:r><w:r wsp:rsidRPr="007E560B"><w:rPr><w:lang w:val="EN-US"/></w:rPr><w:t>Shall go forth and conquer a crown;</w:t></w:r><w:r><w:rPr><w:lang w:val="EN-US"/></w:rPr><w:br/></w:r><w:r wsp:rsidRPr="007E560B"><w:rPr><w:lang w:val="EN-US"/></w:rPr><w:t>And three with a new song's measure</w:t></w:r><w:r><w:rPr><w:lang w:val="EN-US"/></w:rPr><w:br/></w:r><w:r wsp:rsidRPr="007E560B"><w:rPr><w:lang w:val="EN-US"/></w:rPr><w:t>Can trample an empire down.</w:t></w:r></w:p><w:p wsp:rsidR="007E560B" wsp:rsidRDefault="007E560B" wsp:rsidP="007E560B"><w:pPr><w:rPr><w:lang w:val="EN-US"/></w:rPr></w:pPr><w:r wsp:rsidRPr="007E560B"><w:rPr><w:lang w:val="EN-US"/></w:rPr><w:t>We, in the ages lying</w:t></w:r><w:r><w:rPr><w:lang w:val="EN-US"/></w:rPr><w:br/></w:r><w:r wsp:rsidRPr="007E560B"><w:rPr><w:lang w:val="EN-US"/></w:rPr><w:t>In the buried past of earth,</w:t></w:r><w:r><w:rPr><w:lang w:val="EN-US"/></w:rPr><w:br/></w:r><w:r wsp:rsidRPr="007E560B"><w:rPr><w:lang w:val="EN-US"/></w:rPr><w:t>Built Nineveh with our sighing,</w:t></w:r><w:r><w:rPr><w:lang w:val="EN-US"/></w:rPr><w:br/></w:r><w:r wsp:rsidRPr="007E560B"><w:rPr><w:lang w:val="EN-US"/></w:rPr><w:t>And Babel itself with our mirth;</w:t></w:r><w:r><w:rPr><w:lang w:val="EN-US"/></w:rPr><w:br/></w:r><w:r wsp:rsidRPr="007E560B"><w:rPr><w:lang w:val="EN-US"/></w:rPr><w:t>And </w:t></w:r><w:proofErr w:type="spellStart"/><w:r wsp:rsidRPr="007E560B"><w:rPr><w:lang w:val="EN-US"/></w:rPr><w:t>o'erthrew</w:t></w:r><w:proofErr w:type="spellEnd"/><w:r wsp:rsidRPr="007E560B"><w:rPr><w:lang w:val="EN-US"/></w:rPr><w:t> them with prophesying</w:t></w:r><w:r><w:rPr><w:lang w:val="EN-US"/></w:rPr><w:br/></w:r><w:r wsp:rsidRPr="007E560B"><w:rPr><w:lang w:val="EN-US"/></w:rPr><w:t>To the old of the new world's worth;</w:t></w:r><w:r><w:rPr><w:lang w:val="EN-US"/></w:rPr><w:br/></w:r><w:r wsp:rsidRPr="007E560B"><w:rPr><w:lang w:val="EN-US"/></w:rPr><w:t>For each age is a dream that is dying,</w:t></w:r><w:r><w:rPr><w:lang w:val="EN-US"/></w:rPr><w:br/></w:r><w:r wsp:rsidRPr="007E560B"><w:rPr><w:lang w:val="EN-US"/></w:rPr><w:t>Or one that is coming to birth.</w:t></w:r></w:p><w:p wsp:rsidR="007E560B" wsp:rsidRDefault="007E560B" wsp:rsidP="007E560B"><w:pPr><w:rPr><w:lang w:val="EN-US"/></w:rPr></w:pPr><w:r wsp:rsidRPr="007E560B"><w:rPr><w:lang w:val="EN-US"/></w:rPr><w:t>A breath of our inspiration</w:t></w:r><w:proofErr w:type="gramStart"/><w:r wsp:rsidRPr="007E560B"><w:rPr><w:lang w:val="EN-US"/></w:rPr><w:t>,</w:t></w:r><w:proofErr w:type="gramEnd"/><w:r><w:rPr><w:lang w:val="EN-US"/></w:rPr><w:br/></w:r><w:r wsp:rsidRPr="007E560B"><w:rPr><w:lang w:val="EN-US"/></w:rPr><w:t>Is the life of each generation.</w:t></w:r><w:r><w:rPr><w:lang w:val="EN-US"/></w:rPr><w:br/></w:r><w:r wsp:rsidRPr="007E560B"><w:rPr><w:lang w:val="EN-US"/></w:rPr><w:t>A wondrous thing of our dreaming</w:t></w:r><w:proofErr w:type="gramStart"/><w:r wsp:rsidRPr="007E560B"><w:rPr><w:lang w:val="EN-US"/></w:rPr><w:t>,</w:t></w:r><w:proofErr w:type="gramEnd"/><w:r><w:rPr><w:lang w:val="EN-US"/></w:rPr><w:br/></w:r><w:r wsp:rsidRPr="007E560B"><w:rPr><w:lang w:val="EN-US"/></w:rPr><w:t>Unearthly, impossible seeming-</w:t></w:r><w:r><w:rPr><w:lang w:val="EN-US"/></w:rPr><w:br/></w:r><w:r wsp:rsidRPr="007E560B"><w:rPr><w:lang w:val="EN-US"/></w:rPr><w:t>The soldier, the king, and the peasant</w:t></w:r><w:r><w:rPr><w:lang w:val="EN-US"/></w:rPr><w:br/></w:r><w:r wsp:rsidRPr="007E560B"><w:rPr><w:lang w:val="EN-US"/></w:rPr><w:t>Are working together in one,</w:t></w:r><w:r><w:rPr><w:lang w:val="EN-US"/></w:rPr><w:br/></w:r><w:r wsp:rsidRPr="007E560B"><w:rPr><w:lang w:val="EN-US"/></w:rPr><w:t>Till our dream shall become their present,</w:t></w:r><w:r><w:rPr><w:lang w:val="EN-US"/></w:rPr><w:br/></w:r><w:r wsp:rsidRPr="007E560B"><w:rPr><w:lang w:val="EN-US"/></w:rPr><w:t>And their work in the world be done.</w:t></w:r></w:p><w:p wsp:rsidR="007E560B" wsp:rsidRDefault="007E560B" wsp:rsidP="007E560B"><w:pPr><w:rPr><w:lang w:val="EN-US"/></w:rPr></w:pPr><w:r wsp:rsidRPr="007E560B"><w:rPr><w:lang w:val="EN-US"/></w:rPr><w:t>They had no vision amazing</w:t></w:r><w:r><w:rPr><w:lang w:val="EN-US"/></w:rPr><w:br/></w:r><w:proofErr w:type="gramStart"/><w:r wsp:rsidRPr="007E560B"><w:rPr><w:lang w:val="EN-US"/></w:rPr><w:t>Of</w:t></w:r><w:proofErr w:type="gramEnd"/><w:r wsp:rsidRPr="007E560B"><w:rPr><w:lang w:val="EN-US"/></w:rPr><w:t> the goodly house they are raising.</w:t></w:r><w:r><w:rPr><w:lang w:val="EN-US"/></w:rPr><w:br/></w:r><w:r wsp:rsidRPr="007E560B"><w:rPr><w:lang w:val="EN-US"/></w:rPr><w:t>They had no divine foreshowing</w:t></w:r><w:r><w:rPr><w:lang w:val="EN-US"/></w:rPr><w:br/></w:r><w:r wsp:rsidRPr="007E560B"><w:rPr><w:lang w:val="EN-US"/></w:rPr><w:t>Of the land to which they are going</w:t></w:r><w:proofErr w:type="gramStart"/><w:r wsp:rsidRPr="007E560B"><w:rPr><w:lang w:val="EN-US"/></w:rPr><w:t>:</w:t></w:r><w:proofErr w:type="gramEnd"/><w:r><w:rPr><w:lang w:val="EN-US"/></w:rPr><w:br/></w:r><w:r wsp:rsidRPr="007E560B"><w:rPr><w:lang w:val="EN-US"/></w:rPr><w:t>But on one man's soul it hath broke,</w:t></w:r><w:r><w:rPr><w:lang w:val="EN-US"/></w:rPr><w:br/></w:r><w:r wsp:rsidRPr="007E560B"><w:rPr><w:lang w:val="EN-US"/></w:rPr><w:t>A light that doth not depart</w:t></w:r><w:r><w:rPr><w:lang w:val="EN-US"/></w:rPr><w:br/></w:r><w:r wsp:rsidRPr="007E560B"><w:rPr><w:lang w:val="EN-US"/></w:rPr><w:t>And his look, or a word he hath spoken,</w:t></w:r><w:r><w:rPr><w:lang w:val="EN-US"/></w:rPr><w:br/></w:r><w:r wsp:rsidRPr="007E560B"><w:rPr><w:lang w:val="EN-US"/></w:rPr><w:t>Wrought flame in another man's heart.</w:t></w:r></w:p><w:p wsp:rsidR="007E560B" wsp:rsidRDefault="007E560B" wsp:rsidP="007E560B"><w:pPr><w:rPr><w:lang w:val="EN-US"/></w:rPr></w:pPr><w:r wsp:rsidRPr="007E560B"><w:rPr><w:lang w:val="EN-US"/></w:rPr><w:t>And therefore today is thrilling</w:t></w:r><w:proofErr w:type="gramStart"/><w:r wsp:rsidRPr="007E560B"><w:rPr><w:lang w:val="EN-US"/></w:rPr><w:t>,</w:t></w:r><w:proofErr w:type="gramEnd"/><w:r><w:rPr><w:lang w:val="EN-US"/></w:rPr><w:br/></w:r><w:r wsp:rsidRPr="007E560B"><w:rPr><w:lang w:val="EN-US"/></w:rPr><w:t>With a past day's late fulfilling.</w:t></w:r><w:r><w:rPr><w:lang w:val="EN-US"/></w:rPr><w:br/></w:r><w:r wsp:rsidRPr="007E560B"><w:rPr><w:lang w:val="EN-US"/></w:rPr><w:t>And the multitudes are enlisted</w:t></w:r><w:r><w:rPr><w:lang w:val="EN-US"/></w:rPr><w:br/></w:r><w:r wsp:rsidRPr="007E560B"><w:rPr><w:lang w:val="EN-US"/></w:rPr><w:t>In the faith that their fathers resisted,</w:t></w:r><w:r><w:rPr><w:lang w:val="EN-US"/></w:rPr><w:br/></w:r><w:r wsp:rsidRPr="007E560B"><w:rPr><w:lang w:val="EN-US"/></w:rPr><w:t>And, scorning the dream of tomorrow,</w:t></w:r><w:r><w:rPr><w:lang w:val="EN-US"/></w:rPr><w:br/></w:r><w:r wsp:rsidRPr="007E560B"><w:rPr><w:lang w:val="EN-US"/></w:rPr><w:t>Are bringing to pass, as they may,</w:t></w:r><w:r><w:rPr><w:lang w:val="EN-US"/></w:rPr><w:br/></w:r><w:r wsp:rsidRPr="007E560B"><w:rPr><w:lang w:val="EN-US"/></w:rPr><w:t>In the world, for </w:t></w:r><w:proofErr w:type="spellStart"/><w:r wsp:rsidRPr="007E560B"><w:rPr><w:lang w:val="EN-US"/></w:rPr><w:t>it's</w:t></w:r><w:proofErr w:type="spellEnd"/><w:r wsp:rsidRPr="007E560B"><w:rPr><w:lang w:val="EN-US"/></w:rPr><w:t> joy or it's sorrow,</w:t></w:r><w:r><w:rPr><w:lang w:val="EN-US"/></w:rPr><w:br/></w:r><w:r wsp:rsidRPr="007E560B"><w:rPr><w:lang w:val="EN-US"/></w:rPr><w:t>The dream that was scorned yesterday.</w:t></w:r></w:p><w:p wsp:rsidR="007E560B" wsp:rsidRDefault="007E560B" wsp:rsidP="007E560B"><w:pPr><w:rPr><w:lang w:val="EN-US"/></w:rPr></w:pPr><w:r wsp:rsidRPr="007E560B"><w:rPr><w:lang w:val="EN-US"/></w:rPr><w:t>But we, with our dreaming and singing</w:t></w:r><w:proofErr w:type="gramStart"/><w:r wsp:rsidRPr="007E560B"><w:rPr><w:lang w:val="EN-US"/></w:rPr><w:t>,</w:t></w:r><w:proofErr w:type="gramEnd"/><w:r><w:rPr><w:lang w:val="EN-US"/></w:rPr><w:br/></w:r><w:r wsp:rsidRPr="007E560B"><w:rPr><w:lang w:val="EN-US"/></w:rPr><w:t>Ceaseless and </w:t></w:r><w:proofErr w:type="spellStart"/><w:r wsp:rsidRPr="007E560B"><w:rPr><w:lang w:val="EN-US"/></w:rPr><w:t>sorrowless</w:t></w:r><w:proofErr w:type="spellEnd"/><w:r wsp:rsidRPr="007E560B"><w:rPr><w:lang w:val="EN-US"/></w:rPr><w:t> we!</w:t></w:r><w:r><w:rPr><w:lang w:val="EN-US"/></w:rPr><w:br/></w:r><w:r wsp:rsidRPr="007E560B"><w:rPr><w:lang w:val="EN-US"/></w:rPr><w:t>The glory about us clinging</w:t></w:r><w:r><w:rPr><w:lang w:val="EN-US"/></w:rPr><w:br/></w:r><w:r wsp:rsidRPr="007E560B"><w:rPr><w:lang w:val="EN-US"/></w:rPr><w:t>Of the glorious futures we see</w:t></w:r><w:proofErr w:type="gramStart"/><w:r wsp:rsidRPr="007E560B"><w:rPr><w:lang w:val="EN-US"/></w:rPr><w:t>,</w:t></w:r><w:proofErr w:type="gramEnd"/><w:r><w:rPr><w:lang w:val="EN-US"/></w:rPr><w:br/></w:r><w:r wsp:rsidRPr="007E560B"><w:rPr><w:lang w:val="EN-US"/></w:rPr><w:t>Our souls with high music ringing;</w:t></w:r><w:r><w:rPr><w:lang w:val="EN-US"/></w:rPr><w:br/></w:r><w:r wsp:rsidRPr="007E560B"><w:rPr><w:lang w:val="EN-US"/></w:rPr><w:t>O men! It must ever be</w:t></w:r><w:r><w:rPr><w:lang w:val="EN-US"/></w:rPr><w:br/></w:r><w:r wsp:rsidRPr="007E560B"><w:rPr><w:lang w:val="EN-US"/></w:rPr><w:t>That we dwell, in our dreaming and singing</w:t></w:r><w:proofErr w:type="gramStart"/><w:r wsp:rsidRPr="007E560B"><w:rPr><w:lang w:val="EN-US"/></w:rPr><w:t>,</w:t></w:r><w:proofErr w:type="gramEnd"/><w:r><w:rPr><w:lang w:val="EN-US"/></w:rPr><w:br/></w:r><w:r wsp:rsidRPr="007E560B"><w:rPr><w:lang w:val="EN-US"/></w:rPr><w:t>A little apart from ye.</w:t></w:r></w:p><w:p wsp:rsidR="007E560B" wsp:rsidRDefault="007E560B" wsp:rsidP="007E560B"><w:pPr><w:rPr><w:lang w:val="EN-US"/></w:rPr></w:pPr><w:r wsp:rsidRPr="007E560B"><w:rPr><w:lang w:val="EN-US"/></w:rPr><w:t>For we are afar with the dawning</w:t></w:r><w:r><w:rPr><w:lang w:val="EN-US"/></w:rPr><w:br/></w:r><w:r wsp:rsidRPr="007E560B"><w:rPr><w:lang w:val="EN-US"/></w:rPr><w:t>And the suns that are not yet high</w:t></w:r><w:proofErr w:type="gramStart"/><w:r wsp:rsidRPr="007E560B"><w:rPr><w:lang w:val="EN-US"/></w:rPr><w:t>,</w:t></w:r><w:proofErr w:type="gramEnd"/><w:r><w:rPr><w:lang w:val="EN-US"/></w:rPr><w:br/></w:r><w:r wsp:rsidRPr="007E560B"><w:rPr><w:lang w:val="EN-US"/></w:rPr><w:t>And out of the infinite morning</w:t></w:r><w:r><w:rPr><w:lang w:val="EN-US"/></w:rPr><w:br/></w:r><w:r wsp:rsidRPr="007E560B"><w:rPr><w:lang w:val="EN-US"/></w:rPr><w:t>Intrepid you hear us cry-</w:t></w:r><w:r><w:rPr><w:lang w:val="EN-US"/></w:rPr><w:br/></w:r><w:r wsp:rsidRPr="007E560B"><w:rPr><w:lang w:val="EN-US"/></w:rPr><w:t>How, spite of your human scorning,</w:t></w:r><w:r><w:rPr><w:lang w:val="EN-US"/></w:rPr><w:br/></w:r><w:r wsp:rsidRPr="007E560B"><w:rPr><w:lang w:val="EN-US"/></w:rPr><w:t>Once more God's future draws nigh,</w:t></w:r><w:r><w:rPr><w:lang w:val="EN-US"/></w:rPr><w:br/></w:r><w:r wsp:rsidRPr="007E560B"><w:rPr><w:lang w:val="EN-US"/></w:rPr><w:t>And already goes forth the warning</w:t></w:r><w:r><w:rPr><w:lang w:val="EN-US"/></w:rPr><w:br/></w:r><w:r wsp:rsidRPr="007E560B"><w:rPr><w:lang w:val="EN-US"/></w:rPr><w:t>That ye of the past must die.</w:t></w:r></w:p><w:p wsp:rsidR="00CA1309" wsp:rsidRDefault="007E560B" wsp:rsidP="007E560B"><w:pPr><w:rPr><w:lang w:val="EN-US"/></w:rPr></w:pPr><w:r wsp:rsidRPr="007E560B"><w:rPr><w:lang w:val="EN-US"/></w:rPr><w:t>Great hail! we cry to the corners</w:t></w:r><w:r><w:rPr><w:lang w:val="EN-US"/></w:rPr><w:br/></w:r><w:r wsp:rsidRPr="007E560B"><w:rPr><w:lang w:val="EN-US"/></w:rPr><w:t>From the dazzling unknown shore;</w:t></w:r><w:r><w:rPr><w:lang w:val="EN-US"/></w:rPr><w:br/></w:r><w:r wsp:rsidRPr="007E560B"><w:rPr><w:lang w:val="EN-US"/></w:rPr><w:t>Bring us hither your sun and your summers,</w:t></w:r><w:r><w:rPr><w:lang w:val="EN-US"/></w:rPr><w:br/></w:r><w:r wsp:rsidRPr="007E560B"><w:rPr><w:lang w:val="EN-US"/></w:rPr><w:t>And renew our world as of yore;</w:t></w:r><w:r><w:rPr><w:lang w:val="EN-US"/></w:rPr><w:br/></w:r><w:r wsp:rsidRPr="007E560B"><w:rPr><w:lang w:val="EN-US"/></w:rPr><w:t>You shall teach us your song's new numbers,</w:t></w:r><w:r><w:rPr><w:lang w:val="EN-US"/></w:rPr><w:br/></w:r><w:r wsp:rsidRPr="007E560B"><w:rPr><w:lang w:val="EN-US"/></w:rPr><w:t>And things that we dreamt not before;</w:t></w:r><w:r><w:rPr><w:lang w:val="EN-US"/></w:rPr><w:br/></w:r><w:r wsp:rsidRPr="007E560B"><w:rPr><w:lang w:val="EN-US"/></w:rPr><w:t>Yea, in spite of a dreamer who slumbers,</w:t></w:r><w:r><w:rPr><w:lang w:val="EN-US"/></w:rPr><w:br/></w:r><w:r wsp:rsidRPr="007E560B"><w:rPr><w:lang w:val="EN-US"/></w:rPr><w:t>And a singer who sings no more.</w:t></w:r></w:p><w:p wsp:rsidR="007E560B" wsp:rsidRPr="00FE2D47" wsp:rsidRDefault="00CA1309" wsp:rsidP="00FE2D47"><w:pPr><w:spacing w:after="200" w:line="276" w:line-rule="auto"/><w:rPr><w:rStyle w:val="berschrift1Zchn"/><w:rFonts w:fareast="Calibri"/></w:rPr></w:pPr><w:r wsp:rsidRPr="00FE2D47"><w:rPr><w:rStyle w:val="berschrift1Zchn"/><w:rFonts w:fareast="Calibri"/></w:rPr><w:br w:type="page"/></w:r><w:r wsp:rsidR="007E560B" wsp:rsidRPr="00FE2D47"><w:rPr><w:rStyle w:val="berschrift1Zchn"/><w:rFonts w:fareast="Calibri"/></w:rPr><w:t>Der Panther</w:t></w:r></w:p><wx:sub-section><w:p wsp:rsidR="007E560B" wsp:rsidRPr="007E560B" wsp:rsidRDefault="007E560B" wsp:rsidP="007E560B"><w:pPr><w:pStyle w:val="berschrift2"/></w:pPr><w:r wsp:rsidRPr="007E560B"><w:t>Im Jardin des </w:t></w:r><w:proofErr w:type="spellStart"/><w:r wsp:rsidRPr="007E560B"><w:t>Plantes</w:t></w:r><w:proofErr w:type="spellEnd"/><w:r wsp:rsidRPr="007E560B"><w:t>, Paris </w:t></w:r></w:p><w:p wsp:rsidR="007E560B" wsp:rsidRPr="007E560B" wsp:rsidRDefault="007E560B" wsp:rsidP="007E560B"><w:pPr><w:rPr><w:i/></w:rPr></w:pPr><w:r wsp:rsidRPr="007E560B"><w:rPr><w:i/></w:rPr><w:t>Rainer Maria Rilke</w:t></w:r></w:p><w:p wsp:rsidR="007E560B" wsp:rsidRDefault="007E560B" wsp:rsidP="007E560B"><w:r><w:t>Sein Blick ist vom </w:t></w:r><w:proofErr w:type="spellStart"/><w:r><w:t>Vorübergehn</w:t></w:r><w:proofErr w:type="spellEnd"/><w:r><w:t> der Stäbe</w:t></w:r><w:r><w:br/><w:t>so müd geworden, </w:t></w:r><w:proofErr w:type="spellStart"/><w:r><w:t>daß</w:t></w:r><w:proofErr w:type="spellEnd"/><w:r><w:t> er nichts mehr hält.</w:t></w:r><w:r><w:br/><w:t>Ihm ist, als ob es tausend Stäbe gäbe</w:t></w:r><w:r><w:br/><w:t>und hinter tausend Stäben keine Welt. </w:t></w:r></w:p><w:p wsp:rsidR="007E560B" wsp:rsidRDefault="007E560B" wsp:rsidP="007E560B"><w:r><w:t>Der weiche Gang geschmeidig starker Schritte, </w:t></w:r><w:r><w:br/><w:t>der sich im allerkleinsten Kreise dreht, </w:t></w:r><w:r><w:br/><w:t>ist wie ein Tanz von Kraft um eine Mitte, </w:t></w:r><w:r><w:br/><w:t>in der betäubt ein großer Wille steht. </w:t></w:r></w:p><w:p wsp:rsidR="00CA4A32" wsp:rsidRDefault="007E560B" wsp:rsidP="007E560B"><w:r><w:t>Nur manchmal schiebt der Vorhang der Pupille</w:t></w:r><w:r><w:br/><w:t>sich lautlos auf -. Dann geht ein Bild hinein, </w:t></w:r><w:r><w:br/><w:t>geht durch </w:t></w:r><w:proofErr w:type="gramStart"/><w:r><w:t>der</w:t></w:r><w:proofErr w:type="gramEnd"/><w:r><w:t> Glieder angespannte Stille - </w:t></w:r><w:r><w:br/><w:t>und hört im Herzen auf zu sein. </w:t></w:r></w:p></wx:sub-section></wx:sub-section><w:sectPr wsp:rsidR="00CA4A32" wsp:rsidSect="008701E7"><w:ftr w:type="odd"><w:p wsp:rsidR="00CA1309" wsp:rsidRDefault="008701E7" wsp:rsidP="00CA1309"><w:pPr><w:ind w:right="260"/></w:pPr><w:r><w:rPr><w:noProof/></w:rPr><w:pict><v:shapetype id="_x0000_t202" coordsize="21600,21600" o:spt="202" path="m,l,21600r21600,l21600,xe"><v:stroke joinstyle="miter"/><v:path gradientshapeok="t" o:connecttype="rect"/></v:shapetype><v:shape id="Textfeld 49" o:spid="_x0000_s2049" type="#_x0000_t202" style="position:absolute;margin-left:541.7pt;margin-top:782.95pt;width:29.75pt;height:31.4pt;z-index:1;visibility:visible;mso-wrap-style:square;mso-width-percent:0;mso-height-percent:0;mso-wrap-distance-left:9pt;mso-wrap-distance-top:0;mso-wrap-distance-right:9pt;mso-wrap-distance-bottom:0;mso-position-horizontal:absolute;mso-position-horizontal-relative:page;mso-position-vertical:absolute;mso-position-vertical-relative:page;mso-width-percent:0;mso-height-percent:0;mso-width-relative:page;mso-height-relative:page;v-text-anchor:middle" o:gfxdata="UEsDBBQABgAIAAAAIQC2gziS/gAAAOEBAAATAAAAW0NvbnRlbnRfVHlwZXNdLnhtbJSRQU7DMBBF&#xA;90jcwfIWJU67QAgl6YK0S0CoHGBkTxKLZGx5TGhvj5O2G0SRWNoz/78nu9wcxkFMGNg6quQqL6RA&#xA;0s5Y6ir5vt9lD1JwBDIwOMJKHpHlpr69KfdHjyxSmriSfYz+USnWPY7AufNIadK6MEJMx9ApD/oD&#xA;OlTrorhX2lFEilmcO2RdNtjC5xDF9pCuTyYBB5bi6bQ4syoJ3g9WQ0ymaiLzg5KdCXlKLjvcW893&#xA;SUOqXwnz5DrgnHtJTxOsQfEKIT7DmDSUCaxw7Rqn8787ZsmRM9e2VmPeBN4uqYvTtW7jvijg9N/y&#xA;JsXecLq0q+WD6m8AAAD//wMAUEsDBBQABgAIAAAAIQA4/SH/1gAAAJQBAAALAAAAX3JlbHMvLnJl&#xA;bHOkkMFqwzAMhu+DvYPRfXGawxijTi+j0GvpHsDYimMaW0Yy2fr2M4PBMnrbUb/Q94l/f/hMi1qR&#xA;JVI2sOt6UJgd+ZiDgffL8ekFlFSbvV0oo4EbChzGx4f9GRdb25HMsYhqlCwG5lrLq9biZkxWOiqY&#xA;22YiTra2kYMu1l1tQD30/bPm3wwYN0x18gb45AdQl1tp5j/sFB2T0FQ7R0nTNEV3j6o9feQzro1i&#xA;OWA14Fm+Q8a1a8+Bvu/d/dMb2JY5uiPbhG/ktn4cqGU/er3pcvwCAAD//wMAUEsDBBQABgAIAAAA&#xA;IQALjc/uUAIAAJMEAAAOAAAAZHJzL2Uyb0RvYy54bWysVMtuGjEU3VfqP1jelwESAkEZIkpEVQkl&#xA;kUiVtfF4YCSPr2sbZujX99gDebWrqizMfXEf59zLzW1ba3ZQzldkcj7o9TlTRlJRmW3Ofzwtv0w4&#xA;80GYQmgyKudH5fnt7POnm8ZO1ZB2pAvlGJIYP21sznch2GmWeblTtfA9ssrAWZKrRYDqtlnhRIPs&#xA;tc6G/f5V1pArrCOpvIf1rnPyWcpflkqGh7L0KjCdc/QW0uvSu4lvNrsR060TdlfJUxviH7qoRWVQ&#xA;9CXVnQiC7V31R6q6ko48laEnqc6oLCup0gyYZtD/MM16J6xKswAcb19g8v8vrbw/PDpWFTm/vObM&#xA;iBocPak2lEoXDCbg01g/RdjaIjC0X6kFz2e7hzGO3Zaujt8YiMEPpI8v6CIbkzBejMeT4YgzCdfF&#xA;9WQ8Sehnrz+2zodvimoWhZw7kJcwFYeVD2gEoeeQWMuTroplpXVSjn6hHTsI8Iz1KKjhTAsfYMz5&#xA;Mn1iz0jx7mfasCbnVxejfqpkKObr4rSJeVXaoVP9iEQ3cZRCu2lP8GyoOAIdR91+eSuXFWZYoYFH&#xA;4bBQAARHEh7wlJpQkk4SZztyv/5mj/HgGV7OGixozv3PvXAKc3032IC4zUm4HI2HUNzZunlrNft6&#xA;QcBkgDO0MokxNuizWDqqn3FD81gNLmEkauZcBndWFqE7GFyhVPN5CsP2WhFWZm1lTB6hitw8tc/C&#xA;2ROBAczf03mJxfQDj11sIs/O9wHQJ5IjtB2eoCsq2PxE3OlK42m91VPU63/J7DcAAAD//wMAUEsD&#xA;BBQABgAIAAAAIQB3wwHr4QAAAA8BAAAPAAAAZHJzL2Rvd25yZXYueG1sTI/BTsMwEETvSPyDtUjc&#xA;qNO0CSHEqQCpByoOUPiATbxNArEdxU4b+Hq2J7jNaEczb4vNbHpxpNF3zipYLiIQZGunO9so+Hjf&#xA;3mQgfECrsXeWFHyTh015eVFgrt3JvtFxHxrBJdbnqKANYcil9HVLBv3CDWT5dnCjwcB2bKQe8cTl&#xA;ppdxFKXSYGd5ocWBnlqqv/aT4ZEXqprHn+T5dbcKw1Z+4qGedkpdX80P9yACzeEvDGd8RoeSmSo3&#xA;We1Fzz7KVmvOskrS5A7EObNcx6wqVmmc3YIsC/n/j/IXAAD//wMAUEsBAi0AFAAGAAgAAAAhALaD&#xA;OJL+AAAA4QEAABMAAAAAAAAAAAAAAAAAAAAAAFtDb250ZW50X1R5cGVzXS54bWxQSwECLQAUAAYA&#xA;CAAAACEAOP0h/9YAAACUAQAACwAAAAAAAAAAAAAAAAAvAQAAX3JlbHMvLnJlbHNQSwECLQAUAAYA&#xA;CAAAACEAC43P7lACAACTBAAADgAAAAAAAAAAAAAAAAAuAgAAZHJzL2Uyb0RvYy54bWxQSwECLQAU&#xA;AAYACAAAACEAd8MB6+EAAAAPAQAADwAAAAAAAAAAAAAAAACqBAAAZHJzL2Rvd25yZXYueG1sUEsF&#xA;BgAAAAAEAAQA8wAAALgFAAAAAA==&#xA;" stroked="f" strokeweight=".5pt"><v:textbox style="mso-fit-shape-to-text:t" inset="0,,0"><w:txbxContent><w:p wsp:rsidR="00CA1309" wsp:rsidRPr="00CA1309" wsp:rsidRDefault="008701E7"><w:pPr><w:spacing w:after="0"/><w:jc w:val="center"/><w:rPr><w:color w:val="0F243E"/><w:sz w:val="26"/><w:sz-cs w:val="26"/></w:rPr></w:pPr><w:r wsp:rsidRPr="00CA1309"><w:rPr><w:color w:val="0F243E"/><w:sz w:val="26"/><w:sz-cs w:val="26"/></w:rPr><w:fldChar w:fldCharType="begin"/></w:r><w:r wsp:rsidR="00CA1309" wsp:rsidRPr="00CA1309"><w:rPr><w:color w:val="0F243E"/><w:sz w:val="26"/><w:sz-cs w:val="26"/></w:rPr><w:instrText>PAGE  \* Arabic  \* MERGEFORMAT</w:instrText></w:r><w:r wsp:rsidRPr="00CA1309"><w:rPr><w:color w:val="0F243E"/><w:sz w:val="26"/><w:sz-cs w:val="26"/></w:rPr><w:fldChar w:fldCharType="separate"/></w:r><w:r wsp:rsidR="00995323"><w:rPr><w:noProof/><w:color w:val="0F243E"/><w:sz w:val="26"/><w:sz-cs w:val="26"/></w:rPr><w:t>1</w:t></w:r><w:r wsp:rsidRPr="00CA1309"><w:rPr><w:color w:val="0F243E"/><w:sz w:val="26"/><w:sz-cs w:val="26"/></w:rPr><w:fldChar w:fldCharType="end"/></w:r></w:p></w:txbxContent></v:textbox><w10:wrap anchorx="page" anchory="page"/></v:shape></w:pict></w:r></w:p></w:ftr><w:pgSz w:w="11906" w:h="16838"/><w:pgMar w:top="1417" w:right="1417" w:bottom="1134" w:left="1417" w:header="708" w:footer="708" w:gutter="0"/><w:cols w:space="708"/><w:docGrid w:line-pitch="360"/></w:sectPr></wx:sect></w:body></w:wordDocument>