<?xml version="1.0" encoding="UTF-8"?><doc xmlns:d2t="http://www.data2type.de/word"><head><doc-name>poem.xml</doc-name><uri>file:///C:/Users/MMP-D2T/Documents/antilles/V2.0/testdateien/03 Tools/01 Word2XML/source/poem.xml</uri><section-styles><section-style level="1"><style>berschrift1</style></section-style><section-style level="2"><style>berschrift2</style></section-style></section-styles></head><body><section level="1"><heading type="berschrift1">Ode</heading><p type="d2t:p"><inline type="d2t:i">Arthur William Edgar O'Shaughnessy</inline></p><p type="d2t:p">We are the music makers,<inline class="d2t:br"/>And we are the dreamer of dreams,<inline class="d2t:br"/>Wandering by lone sea-breakers,<inline class="d2t:br"/>And sitting by desolate streams;<inline class="d2t:br"/>World-losers and world-forsakers,<inline class="d2t:br"/>On whom the pale moon gleams:<inline class="d2t:br"/>Yet we are the movers and shakers<inline class="d2t:br"/>Of the world for ever, it seems.</p><p type="d2t:p">With wonderful deathless ditties,<inline class="d2t:br"/>We build up the world's great cities,<inline class="d2t:br"/>And out of a fabulous story<inline class="d2t:br"/>We fashion an empire's glory:<inline class="d2t:br"/>One man with a dream, at pleasure,<inline class="d2t:br"/>Shall go forth and conquer a crown;<inline class="d2t:br"/>And three with a new song's measure<inline class="d2t:br"/>Can trample an empire down.</p><p type="d2t:p">We, in the ages lying<inline class="d2t:br"/>In the buried past of earth,<inline class="d2t:br"/>Built Nineveh with our sighing,<inline class="d2t:br"/>And Babel itself with our mirth;<inline class="d2t:br"/>And o'erthrew them with prophesying<inline class="d2t:br"/>To the old of the new world's worth;<inline class="d2t:br"/>For each age is a dream that is dying,<inline class="d2t:br"/>Or one that is coming to birth.</p><p type="d2t:p">A breath of our inspiration,<inline class="d2t:br"/>Is the life of each generation.<inline class="d2t:br"/>A wondrous thing of our dreaming,<inline class="d2t:br"/>Unearthly, impossible seeming-<inline class="d2t:br"/>The soldier, the king, and the peasant<inline class="d2t:br"/>Are working together in one,<inline class="d2t:br"/>Till our dream shall become their present,<inline class="d2t:br"/>And their work in the world be done.</p><p type="d2t:p">They had no vision amazing<inline class="d2t:br"/>Of the goodly house they are raising.<inline class="d2t:br"/>They had no divine foreshowing<inline class="d2t:br"/>Of the land to which they are going:<inline class="d2t:br"/>But on one man's soul it hath broke,<inline class="d2t:br"/>A light that doth not depart<inline class="d2t:br"/>And his look, or a word he hath spoken,<inline class="d2t:br"/>Wrought flame in another man's heart.</p><p type="d2t:p">And therefore today is thrilling,<inline class="d2t:br"/>With a past day's late fulfilling.<inline class="d2t:br"/>And the multitudes are enlisted<inline class="d2t:br"/>In the faith that their fathers resisted,<inline class="d2t:br"/>And, scorning the dream of tomorrow,<inline class="d2t:br"/>Are bringing to pass, as they may,<inline class="d2t:br"/>In the world, for it's joy or it's sorrow,<inline class="d2t:br"/>The dream that was scorned yesterday.</p><p type="d2t:p">But we, with our dreaming and singing,<inline class="d2t:br"/>Ceaseless and sorrowless we!<inline class="d2t:br"/>The glory about us clinging<inline class="d2t:br"/>Of the glorious futures we see,<inline class="d2t:br"/>Our souls with high music ringing;<inline class="d2t:br"/>O men! It must ever be<inline class="d2t:br"/>That we dwell, in our dreaming and singing,<inline class="d2t:br"/>A little apart from ye.</p><p type="d2t:p">For we are afar with the dawning<inline class="d2t:br"/>And the suns that are not yet high,<inline class="d2t:br"/>And out of the infinite morning<inline class="d2t:br"/>Intrepid you hear us cry-<inline class="d2t:br"/>How, spite of your human scorning,<inline class="d2t:br"/>Once more God's future draws nigh,<inline class="d2t:br"/>And already goes forth the warning<inline class="d2t:br"/>That ye of the past must die.</p><p type="d2t:p">Great hail! we cry to the corners<inline class="d2t:br"/>From the dazzling unknown shore;<inline class="d2t:br"/>Bring us hither your sun and your summers,<inline class="d2t:br"/>And renew our world as of yore;<inline class="d2t:br"/>You shall teach us your song's new numbers,<inline class="d2t:br"/>And things that we dreamt not before;<inline class="d2t:br"/>Yea, in spite of a dreamer who slumbers,<inline class="d2t:br"/>And a singer who sings no more.</p><p type="d2t:p"><inline class="d2t:br"/><inline type="berschrift1Zchn">Der Panther</inline></p><section level="2"><heading type="berschrift2">Im Jardin des Plantes, Paris </heading><p type="d2t:p"><inline type="d2t:i">Rainer Maria Rilke</inline></p><p type="d2t:p">Sein Blick ist vom Vorübergehn der Stäbe<inline class="d2t:br"/>so müd geworden, daß er nichts mehr hält.<inline class="d2t:br"/>Ihm ist, als ob es tausend Stäbe gäbe<inline class="d2t:br"/>und hinter tausend Stäben keine Welt. </p><p type="d2t:p">Der weiche Gang geschmeidig starker Schritte, <inline class="d2t:br"/>der sich im allerkleinsten Kreise dreht, <inline class="d2t:br"/>ist wie ein Tanz von Kraft um eine Mitte, <inline class="d2t:br"/>in der betäubt ein großer Wille steht. </p><p type="d2t:p">Nur manchmal schiebt der Vorhang der Pupille<inline class="d2t:br"/>sich lautlos auf -. Dann geht ein Bild hinein, <inline class="d2t:br"/>geht durch der Glieder angespannte Stille - <inline class="d2t:br"/>und hört im Herzen auf zu sein. </p></section></section></body></doc>